﻿{
    "token": "OTM1MjUxODE3ODUwMzcyMTQ3.Ye77IQ.vYMcZHAgvoyMZJYMUKsspb_0V54",
    "prefix": ".",
    "footer": "Wain ❤️ Developer Squad",
    "botVoiceChannel": "891295764695887883",

    "tik": "<a:mavera_tik:819129740442075166>",
    "çarpı": "<a:mavera_carpi:819129740417302529>",
    "yes": "<a:mavera_yes:866605462941466635>",
    "no": "<a:mavera_no:866605462840410113>",
    "yesh": "<:mavera_tik3:865981915001258004>",
    "noh": "<:mavera_no2:877504383389171742>",

    "sıfır": "<a:mavera_0:831206168046731294>",
    "bir": "<a:mavera_1:831206144444727356>",
    "iki": "<a:mavera_3:831206167459528734>",
    "üç": "<a:mavera_4:831206161553555496>",
    "dört": "<a:mavera_4:831206161553555496>",
    "beş": "<a:mavera_5:831206167703060580>",
    "altı": "<a:mavera_6:831206159766519829>",
    "yedi": "<a:mavera_7:831206152800043018>",
    "sekiz": "<a:mavera_8:831206161511612466>",
    "dokuz": "<a:mavera_9:831206144583532586>"
}