﻿{
    "BaşlangıçYetki": "888484595622891550",
    "RegisteryStaff": "888484597107658832",
    "Transporter": "888484597908783115",
    "Muteci": "888484599259332609",
    "Vmuteci": "888484598462423071",
    "Jailci": "888484600165302312",
    "Bancı": "888484600819646485",
    "KalkmazBancı": "888484585044836432",
    "OwnerPerm": "888484581873967185",
    "YetkiliAlım": "888484578023587880",

    "YetkiSystem": {
      "Başlangıç": {
        "Bir": "",
        "İki": "",
        "Üç": "",
        "Dört": ""
      },
      
     "Orta": {
         "Bir": "",
         "İki": "",
         "Üç": "",
         "Dört": ""
     },

     "Son": {
         "Bir": "",
         "İki": "",
         "Üç": "",
         "Dört": ""
     }
  }
}